year,month,symbol,sectorL2,cap,averageLiquidity21,averageLiquidity63,averageLiquidity252,grossProfitQoQ,roe,eps,pe,pb
2024,5,HSG,Basic Resources,11950056794600.0,9558510.1429,11508056.5397,12917400.0714,0.1775,0.0813,1283.47,15.12,1.1
2024,5,TCH,Real Estate,10691453488000.0,15311613.1429,11816781.381,10227061.5516,0.1056,0.0971,889.57,17.99,1.24
2024,5,VIC,Real Estate,169961756386450.0,3623124.5714,3979025.8889,5608141.9524,0.3064,0.0732,2306.77,19.27,1.31
2024,5,TCB,Banks,164149003792600.0,11036484.381,9484653.7143,5750843.0198,0.0572,0.1536,5605.86,8.31,1.2
2024,5,CTG,Banks,176135729334400.0,10486640.6667,9803860.3651,6384356.2619,0.0513,0.1628,3706.44,8.85,1.41
2024,5,MBS,Financial Services,11816278704000.0,4313603.8095,4600907.3333,4210221.869,0.0941,0.1302,1474.63,18.31,2.26
2024,5,PLX,Oil & Gas,45360142789500.0,752244.4286,1000183.1429,1006811.0437,0.1726,0.1268,2230.38,16.01,1.75
2024,5,VCB,Banks,509725123094400.0,1249749.0476,1400289.746,1179950.7143,0.0622,0.1999,5910.3,15.43,3.09
2024,5,SSI,Financial Services,52769681148800.0,20555248.8095,23147714.7302,22845195.5159,0.2282,0.1118,1531.05,22.99,2.28
2024,5,ACB,Banks,104286752112300.0,9606297.8571,10652660.2222,8677414.2302,0.0641,0.2297,4071.81,6.59,1.39
2024,5,BVH,Insurance,29284633039800.0,350207.6667,473393.4444,576418.3214,0.381,0.0827,2404.43,16.41,1.37
2024,5,HCM,Financial Services,19042418633700.0,8117932.6667,8916553.0476,6924841.4206,0.3493,0.1004,1540.92,17.55,2.22
2024,5,BSI,Financial Services,10382496102400.0,837556.8571,827051.0159,1211729.123,0.5146,0.0959,2212.23,23.14,2.15
2024,5,SHS,Financial Services,14880768488400.0,24271184.2857,24513977.7619,23382212.8373,0.8423,0.0856,1075.65,17.01,1.4
2024,5,VHC,Food & Beverage,16609533766000.0,623886.2381,875204.3175,818682.4802,0.3633,0.1037,4153.26,17.82,1.99
2024,5,PNJ,Personal & Household Goods,31783163995000.0,1561150.7143,1539031.1429,956480.119,0.2272,0.2016,5949.46,15.97,3.03
2024,5,VGC,Construction & Materials,22776180000000.0,857127.4286,1226991.8095,1257564.4048,0.3064,0.1537,2746.42,18.5,2.83
2024,5,ACV,Industrial Goods & Services,180075163115484.0,305202.6667,323954.5714,133744.746,0.335,0.1979,3886.03,21.29,3.58
2024,5,VHM,Real Estate,177658193510400.0,12244830.6667,9134245.0635,5899374.4722,1.0113,0.127,7663.89,5.32,0.99
2024,5,HVN,Travel & Leisure,38198299501500.0,2686907.1905,1390179.8571,1093226.5595,22.5705,0.0978,-2678.07,-6.44,-2.18
2024,6,HSG,Basic Resources,13428414336200.0,9061077.6667,10782255.5873,12617191.1865,0.1775,0.0813,1423.38,15.32,1.2
2024,6,TCH,Real Estate,13163852107100.0,14543166.5714,14321978.6349,10793881.5397,0.1056,0.0971,1251.71,15.74,1.46
2024,6,VIC,Real Estate,166520460981550.0,2296191.6667,3359680.4127,5635455.5437,0.3064,0.0732,2306.77,18.88,1.28
2024,6,TCB,Banks,165558008117000.0,9578165.2381,10079424.2063,6276853.1825,0.0572,0.1536,5605.86,8.38,1.21
2024,6,CTG,Banks,171302736761200.0,9213554.1905,9790530.8254,6874503.6786,0.0513,0.1628,3751.34,8.5,1.32
2024,6,MBS,Financial Services,14442118416000.0,4759967.1905,4671012.6032,4325136.4206,0.0941,0.1302,1474.63,22.38,2.77
2024,6,PLX,Oil & Gas,52094281635000.0,2547725.1905,1597068.0952,1165482.3492,0.1726,0.1268,2569.89,15.95,1.93
2024,6,VCB,Banks,487368758046400.0,1406131.619,1451534.8254,1246074.7698,0.0622,0.1999,5837.58,14.94,2.81
2024,6,SSI,Financial Services,52367111814300.0,14926648.381,21042652.7778,22539937.4444,0.2282,0.1118,1702.12,20.39,2.19
2024,6,EVF,Financial Services,11162335380650.0,13148368.0,10806335.873,5683922.2103,0.4746,0.0577,710.89,22.3,1.3
2024,6,ACB,Banks,110103117530800.0,10467850.1905,10280110.2698,9048341.8254,0.0641,0.2297,3540.71,6.96,1.47
2024,6,OIL,Oil & Gas,11138651715000.0,1556297.8095,991671.2381,1171694.0476,0.847,0.0528,537.26,20.05,1.05
2024,6,BVH,Insurance,33293175965400.0,845574.6667,625521.3175,605649.7222,0.381,0.0827,2398.28,18.7,1.52
2024,6,HCM,Financial Services,20309566638900.0,7902937.8571,8470331.8889,7176822.8452,0.3493,0.1004,1493.53,19.32,2.36
2024,6,VHC,Food & Beverage,16609533766000.0,1430230.3333,1042465.5397,901806.6706,0.3633,0.1037,3812.27,19.41,2.06
2024,6,SHS,Financial Services,14799452813600.0,17864837.5238,24847382.4286,23203402.5357,0.8423,0.0856,1075.65,16.92,1.39
2024,6,PNJ,Personal & Household Goods,31415148411900.0,1579045.9048,1701523.9048,1063286.1746,0.2272,0.2016,5949.46,15.78,3.0
2024,6,VGC,Construction & Materials,24614415000000.0,603966.1905,1054569.5556,1198373.4603,0.3064,0.1537,2746.42,19.99,3.07
2024,6,ACV,Industrial Goods & Services,227785208870860.0,550468.2381,413190.4921,182439.7262,0.335,0.1979,4522.72,23.14,4.3
2024,6,PDR,Real Estate,22003130091600.0,8437826.1429,11280333.6984,12779883.9802,1.7385,0.0789,1012.39,24.89,2.3
2024,7,HSG,Basic Resources,14721977185100.0,17055172.0476,11858137.2222,12498136.377,0.1775,0.0813,1423.38,16.79,1.32
2024,7,TCH,Real Estate,12696101017000.0,12362019.381,14120087.2857,11244031.869,0.1056,0.0971,1251.71,15.18,1.41
2024,7,VIC,Real Estate,157534856313200.0,2145094.9048,2687052.4603,5656269.9683,0.3064,0.0732,2306.77,17.86,1.21
2024,7,TCB,Banks,164501254873700.0,12716940.9048,11089489.6349,6928312.8889,0.0572,0.1536,2801.6,8.33,1.21
2024,7,CTG,Banks,166469744188000.0,7859422.2857,9189248.4444,7093811.3175,0.0513,0.1628,3751.34,8.26,1.28
2024,7,MBS,Financial Services,13610602507200.0,3640061.8095,4223837.1746,4333065.9841,0.0941,0.1302,1474.63,21.09,2.61
2024,7,PLX,Oil & Gas,51967222411500.0,1931441.8571,1731658.9841,1263203.6151,0.1726,0.1268,2569.89,15.92,1.92
2024,7,VCB,Banks,476190575522400.06,2004601.9048,1505981.4762,1326046.6587,0.0622,0.1999,5837.58,14.6,2.74
2024,7,EVF,Financial Services,10070750532700.0,10739879.5714,10456175.0159,6472932.4325,0.4746,0.0577,710.89,20.12,1.17
2024,7,SSI,Financial Services,51235257812550.0,13051202.1905,16237703.1746,21948595.004,0.2282,0.1118,1701.25,19.96,2.15
2024,7,BVH,Insurance,34146847144000.0,935321.1429,701414.3175,605618.246,0.381,0.0827,2398.28,19.18,1.56
2024,7,OIL,Oil & Gas,12710680555000.0,2461119.4286,1547035.6825,1242787.8294,0.847,0.0528,537.26,22.88,1.2
2024,7,ACB,Banks,106306458305600.0,8985668.6667,9586013.0317,8892646.8214,0.0641,0.2297,3540.71,6.72,1.42
2024,7,HCM,Financial Services,18444043186800.0,7834892.0952,7975626.1746,7253896.5833,0.3493,0.1004,1457.67,17.97,2.15
2024,7,VHC,Food & Beverage,15734166445900.0,1371309.5714,1136908.9841,951602.1746,0.3633,0.1037,3812.27,18.39,1.95
2024,7,BSI,Financial Services,10301382851600.0,687055.5714,833598.619,1093863.2222,0.5146,0.0959,2212.23,22.96,2.14
2024,7,SHS,Financial Services,13661033366400.0,11977151.9048,18104705.1587,22179026.3452,0.8423,0.0856,1075.65,15.62,1.28
2024,7,PNJ,Personal & Household Goods,31950443805500.0,1068082.2857,1402305.0952,1086698.4841,0.2272,0.2016,5949.46,16.05,3.05
2024,7,VGC,Construction & Materials,23359035000000.0,511861.6667,664386.7143,1029958.1111,0.3064,0.1537,2746.42,18.97,2.91
2024,7,PDR,Real Estate,20693419967100.0,6279177.2857,8595521.127,11993968.0992,1.7385,0.0789,1016.1,23.32,2.16
2024,8,SSI,Financial Services,47990609674200.0,9479384.1905,12446717.4444,21132548.3611,0.058,0.1205,1891.39,16.81,1.94
2024,8,OCB,Banks,29794952263000.0,2096120.2857,2059886.4127,2464313.4206,0.0577,0.1295,1850.14,7.84,0.99
2024,8,VPB,Banks,150744548419000.0,18584395.619,21203445.9365,15922138.8571,0.1098,0.0907,1530.7,12.41,1.13
2024,8,EIB,Banks,31683763893600.0,8231638.0476,8839752.8254,10106876.6349,0.1141,0.0979,1273.19,14.29,1.35
2024,8,MBS,Financial Services,13304254540800.0,3748000.619,4029618.6032,4359117.8651,0.0818,0.1439,1687.43,18.02,2.46
2024,8,BVH,Insurance,32365272510400.0,736388.8571,852312.4921,580284.7183,0.1767,0.0829,2431.11,17.93,1.45
2024,8,HCM,Financial Services,17845667739900.0,4810068.4286,6865423.6032,7189347.6984,0.1301,0.1102,1729.77,14.66,1.67
2024,8,LPB,Banks,74554518526400.0,5154083.6667,5382387.8889,4989359.2143,0.0532,0.2465,3480.62,8.37,1.94
2024,8,HDB,Banks,76600081043000.0,8775516.0476,7823593.5556,7100434.4841,0.0568,0.262,4158.38,6.32,1.51
2024,8,BID,Banks,271340748840000.0,2822882.9524,2172356.9683,1637557.7024,0.1012,0.188,4006.48,11.88,2.09
2024,8,ACB,Banks,109656451739600.0,9033951.2381,9333578.5873,9034823.2103,0.07,0.2285,3675.65,6.68,1.47
2024,8,GMD,Industrial Goods & Services,24838956560000.0,1136805.1905,1516121.0159,1426863.5595,0.1579,0.1414,4020.77,19.9,2.62
2024,8,TCB,Banks,163796752711500.0,10416122.6667,10886701.0,7410911.373,0.1189,0.1621,3047.89,7.63,1.19
2024,8,GEX,Industrial Goods & Services,19371529290750.0,9598430.7619,12538884.1587,17602761.0675,0.2469,0.0841,1245.09,18.27,1.46
2024,8,HSG,Basic Resources,13428414336200.0,13052845.0952,13146523.5079,12408267.881,0.1955,0.1036,1844.27,11.82,1.21
2024,8,FOX,Telecommunications,46308174145100.0,161191.3333,288019.127,119494.7937,0.0689,0.2955,5213.87,18.03,5.06
2024,8,SAB,Food & Beverage,71053955408800.0,793214.619,1186711.746,831189.881,0.162,0.1721,3303.24,16.77,2.98
2024,8,HPG,Basic Resources,173978005440000.0,17165949.9524,22003810.0952,24452263.2222,0.2632,0.1072,1745.93,15.58,1.6
2024,8,VCS,Construction & Materials,10768000000000.0,251281.9524,366483.7619,191678.9444,0.1652,0.1748,5548.78,12.13,2.12
2024,8,MCH,Food & Beverage,142968323383092.0,124680.2381,215253.1429,88138.0516,0.1107,0.2825,10441.56,19.08,4.89
2024,9,SSI,Financial Services,50857973145300.0,13395512.5238,12081082.746,20112775.3889,0.058,0.1205,1891.39,17.82,2.06
2024,9,OCB,Banks,29342890908800.0,2048251.1429,1986283.1905,2447976.8492,0.0577,0.1295,1541.78,7.72,0.97
2024,9,VPB,Banks,150347852238950.0,17640920.1429,22644161.1111,15846473.6111,0.1098,0.0907,1531.82,12.37,1.13
2024,9,EIB,Banks,32293067045400.0,5557083.4762,6793672.0794,9658602.4286,0.1141,0.0979,1273.19,14.57,1.37
2024,9,MBS,Financial Services,15317608600000.0,3158994.1905,3551681.254,4357204.25,0.0818,0.1439,1666.94,16.8,2.83
2024,9,BVH,Insurance,33775685762000.0,620097.4762,765529.2698,555487.9762,0.1767,0.0829,2431.11,18.72,1.52
2024,9,HCM,Financial Services,20626353640200.0,9566518.2381,7368354.2857,7519431.6865,0.1301,0.1102,1729.77,16.94,1.93
2024,9,LPB,Banks,80309155462400.0,2875084.9524,4306111.381,4502250.9206,0.0532,0.2465,3480.62,9.02,2.09
2024,9,HDB,Banks,80677651897000.0,6581542.4286,7623673.3492,7444897.1429,0.0568,0.262,4158.38,6.66,1.59
2024,9,BID,Banks,278751315510000.03,2255811.4762,2432509.9048,1673598.9246,0.1012,0.188,4005.97,12.21,2.15
2024,9,ACB,Banks,110773116217600.0,6019643.1429,7722481.873,8521907.0357,0.07,0.2285,3675.65,6.75,1.48
2024,9,GMD,Industrial Goods & Services,24994200038500.0,825604.9524,1176003.7302,1393422.7421,0.1579,0.1414,4020.77,20.02,2.64
2024,9,TCB,Banks,164501254873700.0,16669166.1905,13324329.6508,8270044.381,0.1189,0.1621,3047.89,7.66,1.2
2024,9,HSG,Basic Resources,12812432027200.0,10142629.3333,13165565.0635,12081963.5595,0.1955,0.1036,1844.27,11.28,1.16
2024,9,GEX,Industrial Goods & Services,18009136021950.0,6704564.381,10044092.3492,16548354.619,0.2469,0.0841,1245.02,16.99,1.36
2024,9,FOX,Telecommunications,45813694944444.0,72411.8095,211161.6349,125082.75,0.0689,0.2955,5213.87,17.84,5.0
2024,9,SAB,Food & Beverage,73747336390000.0,888636.9524,1067298.3333,887421.7183,0.162,0.1721,3303.24,17.41,3.09
2024,9,HPG,Basic Resources,163104380100000.0,20990968.0952,20029625.0317,23752921.373,0.2632,0.1072,1745.93,14.61,1.5
2024,9,VCS,Construction & Materials,10720000000000.0,185590.2857,328279.1587,194159.869,0.1652,0.1748,5548.78,12.07,2.11
2024,9,MCH,Food & Beverage,150129044799972.0,66860.3333,148499.1746,91836.004,0.1107,0.2825,10441.56,20.04,5.14
2024,10,SSI,Financial Services,54753128081100.0,14088912.381,12539515.9524,18852822.5476,0.058,0.1205,1571.55,17.75,2.22
2024,10,OCB,Banks,29836048739200.0,1571893.0952,1886433.8889,2293660.8056,0.0577,0.1295,1541.78,7.85,0.99
2024,10,VPB,Banks,159471864380100.0,25628559.619,20562311.0476,16412138.6944,0.1098,0.0907,1531.82,13.12,1.2
2024,10,EIB,Banks,35019147411600.0,6371837.0952,6548820.5238,9458701.2341,0.1141,0.0979,1189.9,15.8,1.49
2024,10,MBS,Financial Services,17450893086000.0,3383488.7619,3518102.746,4279816.246,0.0818,0.1439,1679.4,18.99,3.23
2024,10,BVH,Insurance,31808530437400.0,416969.619,617612.8571,531497.5754,0.1767,0.0829,2432.73,17.61,1.43
2024,10,HCM,Financial Services,21787905978300.0,11194495.9524,8479671.4286,7715544.0556,0.1301,0.1102,1729.77,17.89,2.04
2024,10,LPB,Banks,81715844491200.0,2160107.9048,3452101.127,4317904.5635,0.0532,0.2465,3480.62,9.18,2.13
2024,10,HDB,Banks,82133927202000.0,6816825.5714,7573191.2857,7430204.2778,0.0568,0.262,4158.38,6.78,1.62
2024,10,BID,Banks,283311664230000.0,2043227.7619,2436780.2063,1735652.8294,0.1012,0.188,4005.97,12.41,2.18
2024,10,GMD,Industrial Goods & Services,24217982646000.0,703192.9048,910300.7619,1296590.4603,0.1579,0.1414,4109.56,18.98,2.55
2024,10,TCB,Banks,170489523252400.0,14702101.1905,13794426.873,8949910.5833,0.1189,0.1621,3047.89,7.94,1.24
2024,10,ACB,Banks,115016441234000.0,8792379.7619,7977241.0,8672282.2222,0.07,0.2285,3675.65,7.01,1.54
2024,10,HSG,Basic Resources,13120423181700.0,10130013.1905,11280571.0476,11689322.1111,0.1955,0.1036,1844.27,11.55,1.18
2024,10,GEX,Industrial Goods & Services,18692597997750.0,4564028.3333,7114247.4444,14755006.9722,0.2469,0.0841,1243.98,17.48,1.41
2024,10,FOX,Telecommunications,43598388724772.0,50420.8095,101298.8254,126834.2778,0.0689,0.2955,5213.87,16.98,4.76
2024,10,SAB,Food & Beverage,74132105101600.0,722360.5714,793175.3968,903431.3056,0.162,0.1721,3303.24,17.5,3.11
2024,10,VCS,Construction & Materials,10352000000000.0,113435.9524,190800.1111,189828.5079,0.1652,0.1748,5548.78,11.66,2.04
2024,10,HPG,Basic Resources,168541192770000.0,20875862.0952,19957686.0159,22906461.3968,0.2632,0.1072,1745.93,15.09,1.55
2024,10,VHC,Food & Beverage,16227963395700.0,402659.5238,488733.3968,820802.7341,0.7606,0.0879,3253.4,22.22,1.94
2024,11,OCB,Banks,28233285790400.0,5791492.9524,3200990.4286,2723219.2778,0.0593,0.1026,1243.3,9.21,0.93
2024,11,GEX,Industrial Goods & Services,17532367777200.0,5343329.9524,5653739.2381,13731748.2579,0.1099,0.0805,1216.79,16.77,1.31
2024,11,ACV,Industrial Goods & Services,250046704029396.03,212644.4762,188720.6825,285880.8889,0.0528,0.163,4611.68,24.91,4.38
2024,11,VHM,Real Estate,180706250752000.0,16553689.9524,13628934.2381,9171338.5714,0.1223,0.1086,4700.45,8.83,0.9
2024,11,LPB,Banks,84273460907200.0,2655195.9048,2535092.7778,4271851.7103,0.0627,0.2589,3837.65,8.59,2.07
2024,11,VHC,Food & Beverage,16003510236700.0,510109.4286,473207.7778,785665.5119,0.2344,0.1023,3820.21,18.66,1.84
2024,11,GMD,Industrial Goods & Services,27033064367700.0,1006472.8095,848860.1429,1242227.5317,0.1387,0.1478,4307.63,15.16,2.98
2024,11,VCG,Construction & Materials,10625033879500.0,3001769.8571,3598045.8571,5502667.4365,0.2303,0.1027,1314.78,13.5,1.36
2024,11,PVS,Oil & Gas,18067125762000.0,2624748.9524,2612527.5556,4762511.7341,0.3887,0.0701,1919.37,19.69,1.37
2024,11,VIX,Financial Services,15970719244350.0,19841628.2857,21742241.6984,25423506.0992,0.8933,0.0693,814.2,13.45,1.0
2024,11,VIC,Real Estate,158873137859550.0,2089459.2857,2614367.7937,3022437.9405,0.8691,0.074,2464.08,16.86,1.18
2024,11,BMP,Construction & Materials,11010296161000.0,306650.6667,249584.9048,234452.8016,0.1986,0.3644,12419.46,10.83,3.74
2024,11,BVH,Insurance,31919878852000.0,273822.1905,445214.8571,530967.2262,0.6396,0.0865,2571.34,16.72,1.4
2024,11,SIP,Real Estate,15600525162300.0,250853.2857,321501.8254,309922.2937,0.2133,0.3052,5670.5,13.07,3.69
2024,11,VND,Financial Services,22149463661400.0,11074486.7619,11382869.2222,18695198.5198,0.3599,0.13,1716.48,8.48,1.14
2024,11,BCM,Real Estate,69448500000000.0,254030.0476,505603.3968,707792.3294,0.3245,0.1491,2692.59,24.92,3.63
2024,11,HAG,Food & Beverage,10944082579050.0,5464702.619,6317479.3016,13052308.5119,0.2633,0.2489,1841.81,5.62,1.31
2024,11,TCH,Real Estate,10791685864450.0,6685906.9048,7904865.9365,10207725.0714,0.5276,0.1152,1546.03,10.45,1.17
2024,12,GEX,Industrial Goods & Services,16157280108400.0,7063543.2381,5773398.8571,12631679.4921,0.1099,0.0805,1216.79,15.45,1.21
2024,12,OCB,Banks,26507233384000.0,3694704.4762,3749808.2063,2795963.3492,0.0593,0.1026,1243.3,8.65,0.87
2024,12,VHM,Real Estate,167582409763200.0,15713049.1905,14688602.4603,9836174.5556,0.1223,0.1086,4707.01,8.67,0.84
2024,12,LPB,Banks,82483129416000.0,1094692.4286,1941628.6032,4163714.0476,0.0627,0.2589,3837.65,8.4,2.03
2024,12,VHC,Food & Beverage,16340189975200.0,828111.6667,589796.619,805348.1865,0.2344,0.1023,3820.21,19.06,1.88
2024,12,GMD,Industrial Goods & Services,26784674802300.0,1168092.0952,963022.5238,1243992.3571,0.1387,0.1478,4196.97,15.42,2.95
2024,12,VCG,Construction & Materials,10415526169200.0,2844567.3333,3402872.8889,5000755.7817,0.2303,0.1027,1314.78,13.23,1.34
2024,12,PVS,Oil & Gas,16442040376000.0,2044196.0,2421797.8254,4457443.7659,0.3887,0.0701,1919.37,17.92,1.25
2024,12,BMP,Construction & Materials,10355408657000.0,188695.8571,259469.0794,223466.5675,0.1986,0.3644,12419.46,10.19,3.52
2024,12,VIX,Financial Services,14658057388650.0,17359787.0476,18822814.6825,23483668.1786,0.8933,0.0693,814.2,12.34,0.92
2024,12,SIP,Real Estate,16547925475800.0,566245.0952,366046.2698,350692.75,0.2133,0.3052,5670.5,13.86,3.92
2024,12,VIC,Real Estate,154858293220500.0,1688989.1429,2186141.7937,2762260.7659,0.8691,0.074,2464.08,16.44,1.15
2024,12,BVH,Insurance,35260331290000.0,435799.2857,383782.127,541758.3294,0.6396,0.0865,2571.34,18.47,1.55
2024,12,VND,Financial Services,20931623735000.0,6548694.1429,9877757.4921,17085508.5873,0.3599,0.13,1716.48,8.01,1.08
2024,12,HAG,Food & Beverage,12635921431850.0,6974716.5238,5803434.3333,12028460.0317,0.2633,0.2489,1841.81,6.49,1.51
2024,12,BCM,Real Estate,68827500000000.0,251327.4286,309268.8571,704347.1349,0.3245,0.1491,2692.59,24.7,3.6
2024,12,TCH,Real Estate,10424167150800.0,4924747.5714,5619208.4921,9795810.9206,0.5276,0.1152,1546.03,10.09,1.13
2025,1,OCB,Banks,28109996332800.0,3040568.5714,3817979.0952,2927421.9484,0.0593,0.1026,1243.3,9.17,0.92
2025,1,GEX,Industrial Goods & Services,16415109046300.0,3767386.5714,5324119.1905,11390848.0992,0.1099,0.0805,1216.79,15.7,1.23
2025,1,GEE,Industrial Goods & Services,10290000000000.0,899015.4762,315662.5714,108310.6865,0.0551,0.1977,3739.47,9.17,1.68
2025,1,VHM,Real Estate,164296480160000.0,3736922.6667,11634375.6508,9561089.3294,0.1223,0.1086,4730.5,8.46,0.82
2025,1,LPB,Banks,93352999156250.0,2473559.9524,2147795.5714,4076374.373,0.0627,0.2589,3279.02,9.53,2.3
2025,1,FOX,Telecommunications,47672917038544.0,110541.8095,105698.5238,142106.4881,0.0661,0.2932,5385.54,17.97,4.84
2025,1,VHC,Food & Beverage,15823947709500.0,808626.6667,715716.9206,797020.6071,0.2344,0.1023,3820.21,18.45,1.82
2025,1,GMD,Industrial Goods & Services,26991666106800.0,821945.0952,1001896.1429,1246369.8571,0.1387,0.1478,4268.82,15.27,2.97
2025,1,VCG,Construction & Materials,10864471262700.0,3934522.0952,3275892.5238,4711641.3651,0.2303,0.1027,1314.78,13.8,1.39
2025,1,PVS,Oil & Gas,16203057231000.0,2243842.0952,2286813.1746,4241296.8016,0.3887,0.0701,1919.37,17.66,1.23
2025,1,VIX,Financial Services,14366354754050.0,15851412.4286,17244896.9683,22390517.0714,0.8933,0.0693,814.2,12.1,0.9
2025,1,VIC,Real Estate,155049476298550.0,2013923.7619,1908578.1587,2682147.0913,0.8691,0.074,2464.08,16.46,1.15
2025,1,BVH,Insurance,37635764134800.0,868640.5238,546066.6984,592570.8294,0.6396,0.0865,2571.34,19.72,1.65
2025,1,BMP,Construction & Materials,10731968971800.0,242006.2381,246168.0317,227018.246,0.1986,0.3644,12419.46,10.56,3.65
2025,1,VND,Financial Services,19180978840800.0,8449846.4286,8450400.9841,15657374.3929,0.3599,0.13,1716.48,7.34,0.99
2025,1,SIP,Real Estate,17495325789300.0,896033.2381,583096.9524,425268.3492,0.2133,0.3052,5670.5,14.65,4.14
2025,1,HAG,Food & Beverage,12741661360150.0,7559967.7619,6635236.4127,10534540.1071,0.2633,0.2489,1841.81,6.54,1.52
2025,1,TCH,Real Estate,10123470021450.0,3764657.1429,5037652.1587,9353422.2262,0.5276,0.1152,1546.03,9.8,1.09
2025,2,VRE,Real Estate,37606869685500.0,5290705.381,5668310.381,8767078.0317,0.103,0.1027,1802.47,9.18,0.9
2025,2,VPB,Banks,149951156058900.0,9178789.7143,12635283.2063,17976652.369,0.1076,0.1141,1988.78,9.5,1.06
2025,2,SAB,Food & Beverage,69001855613600.0,444653.8571,488748.3492,872674.3492,0.0971,0.1823,3361.48,16.0,2.77
2025,2,HDB,Banks,79163125579800.0,12637543.9524,9779737.2698,7950867.0159,0.0539,0.2579,3728.04,6.08,1.54
2025,2,MBB,Banks,136690907561600.0,9674994.4286,8021625.127,15617464.0714,0.0901,0.2209,3525.07,6.35,1.29
2025,2,BWE,Utilities,10314653403600.0,79498.0952,118774.0476,266274.7341,0.256,0.126,2919.29,16.07,1.93
2025,2,HSG,Basic Resources,10836141292050.0,2803633.1905,4468516.2381,9770913.8571,0.4035,0.0525,934.66,18.67,0.98
2025,2,PLX,Oil & Gas,50188393282500.0,878261.2857,738068.4286,1413997.3929,0.3502,0.1112,2349.75,16.81,1.97
2025,2,OCB,Banks,27616838502400.0,1589456.2857,2797106.3016,2738728.3849,0.3773,0.1054,1243.3,9.01,0.91
2025,2,MSB,Banks,28990000000000.0,4196175.6667,5792745.9841,7431752.8214,0.2476,0.1621,1686.97,6.61,0.82
2025,2,BID,Banks,275900610720000.0,3170287.0476,2383238.3333,2148640.881,0.1385,0.1952,3393.14,11.79,2.07
2025,2,VCG,Construction & Materials,11792291122600.0,6285657.4762,4265612.5397,4671192.5516,0.3609,0.1202,1314.78,14.98,1.51
2025,2,VHM,Real Estate,162242774158000.0,3699452.0952,8723965.4603,9369904.1667,0.3079,0.1665,4729.77,8.35,0.81
2025,2,EIB,Banks,34553467259849.996,4088613.0952,4411653.746,8667232.6468,0.3792,0.1399,1447.26,12.82,1.43
2025,2,REE,Utilities,30615871000000.0,436492.8095,622019.6508,856987.1349,0.4763,0.1101,3867.08,16.81,1.68
2025,2,VEA,Industrial Goods & Services,52001259200000.0,331004.8571,579559.2222,972099.246,0.17,0.2857,4839.29,8.09,1.72
2025,2,BVH,Insurance,37709996411200.0,643924.5714,648752.5873,608152.131,1.463,0.096,2571.34,19.76,1.66
2025,2,GEX,Industrial Goods & Services,17360481818600.0,3644876.5238,4868989.8254,10543392.8532,0.4496,0.1238,1901.28,10.62,1.24
2025,2,SHS,Financial Services,10408406374400.0,6353946.0,5724117.8571,13089999.7341,2.1069,0.0946,1244.44,10.29,0.93
2025,2,GEE,Industrial Goods & Services,10620000000000.0,213847.2381,361764.9841,121542.381,0.3335,0.2685,5293.98,6.69,1.66
2025,3,PVI,Insurance,15459963222000.0,53861.0952,101415.7778,98454.8532,0.0886,0.1081,3631.34,18.18,1.97
2025,3,VRE,Real Estate,39538340334000.0,7148409.0952,6072925.9524,8439930.5595,0.103,0.1027,1802.47,9.65,0.94
2025,3,VPB,Banks,153124725499300.0,13950074.0952,11648207.8413,18102210.5635,0.1076,0.1141,1988.78,9.7,1.08
2025,3,HDB,Banks,80561149872600.0,9326655.619,10237185.1111,8153364.2421,0.0539,0.2579,3667.49,6.28,1.48
2025,3,SAB,Food & Beverage,66051962158000.0,581389.0952,544989.5873,843837.1706,0.0971,0.1823,3376.14,15.25,2.84
2025,3,HSG,Basic Resources,11829712986450.0,6844184.4286,4932296.2063,9476394.0913,0.4035,0.0525,934.66,20.38,1.07
2025,3,MBB,Banks,140352271156999.98,12137018.1905,9165386.1746,15006012.9405,0.0901,0.2209,3728.96,6.17,1.25
2025,3,PLX,Oil & Gas,55334291834250.0,1473472.2857,1006760.0952,1482542.9683,0.3502,0.1112,2274.53,19.15,2.13
2025,3,OCB,Banks,27740127960000.0,3315609.6667,2682841.6349,2693569.8571,0.3773,0.1054,1287.24,8.74,0.88
2025,3,MSB,Banks,29510000000000.0,6232149.4762,5235878.4286,7096890.1349,0.2476,0.1621,2122.84,5.35,0.8
2025,3,BID,Banks,282453250224600.0,3718907.6667,3026960.3651,2294698.5556,0.1385,0.1952,3574.95,11.45,2.03
2025,3,VCG,Construction & Materials,12779970328300.0,8541958.5238,6128920.0,4854818.1627,0.3609,0.1202,1578.83,13.52,1.58
2025,3,VHM,Real Estate,169225374564800.0,4927163.4762,4211371.6508,9243152.5873,0.3079,0.1665,7285.51,5.66,0.84
2025,3,EIB,Banks,39675948929100.0,7161992.5714,5041869.0159,8179674.3849,0.3792,0.1399,1785.99,11.93,1.58
2025,3,BVH,Insurance,42015468442400.0,830444.2381,810819.3968,644654.1944,1.463,0.096,2809.05,20.15,1.86
2025,3,VEA,Industrial Goods & Services,53496159200000.0,557112.5714,442376.9524,991981.7381,0.17,0.2857,5536.4,7.27,2.06
2025,3,REE,Utilities,34101370160000.0,878861.2381,632026.9683,871462.7937,0.4763,0.1101,4239.34,17.08,1.8
2025,3,SHS,Financial Services,11628141496400.0,11112128.5238,7684051.8413,12660867.496,2.1069,0.0946,1244.44,11.49,1.04
2025,3,VGC,Construction & Materials,23359035000000.0,945762.7619,1284677.3651,1013782.0278,0.4354,0.1367,2464.0,21.14,2.82
2025,3,GEE,Industrial Goods & Services,18879500000000.0,995977.381,678085.8571,200522.0079,0.3335,0.2685,5293.01,11.69,2.95
2025,4,VRE,Real Estate,43514897551500.0,13356149.0476,8663681.6349,8436333.6627,0.103,0.1027,1802.47,10.62,1.04
2025,4,VPB,Banks,150744548419000.0,21178648.2381,14826014.7143,18542861.5833,0.1076,0.1141,1988.78,9.55,1.06
2025,4,SAB,Food & Beverage,62717299990800.0,1244524.4762,765470.4444,818412.0714,0.0971,0.1823,3376.14,14.48,2.69
2025,4,HDB,Banks,77240842177200.0,10042443.1429,10652707.4603,8443413.6032,0.0539,0.2579,3667.49,6.03,1.42
2025,4,MBB,Banks,147064771081900.0,21645744.8571,14565593.9365,14661420.9127,0.0901,0.2209,3728.96,6.46,1.31
2025,4,HSG,Basic Resources,10680895714800.0,6432857.5238,5412317.9524,8895576.4762,0.4035,0.0525,934.66,18.4,0.96
2025,4,PLX,Oil & Gas,50251922894250.0,1520522.0476,1293458.3492,1479012.7738,0.3502,0.1112,2274.53,17.39,1.93
2025,4,OCB,Banks,27493549044800.0,2700460.7143,2554484.3492,2666726.1706,0.3773,0.1054,1286.98,8.66,0.87
2025,4,BID,Banks,272077774283750.0,3035426.8571,3354774.7302,2396936.1706,0.1385,0.1952,3639.08,10.65,1.95
2025,4,MSB,Banks,31720000000000.0,10433915.8095,7075297.0317,7039148.8849,0.2476,0.1621,2122.84,5.75,0.86
2025,4,VCG,Construction & Materials,13019407711500.0,9046409.8571,8151822.4921,4919083.8929,0.3609,0.1202,1547.87,14.05,1.61
2025,4,VHM,Real Estate,210710235805200.0,12745127.9524,7103616.381,9590206.3413,0.3079,0.1665,7348.85,6.98,1.04
2025,4,CTR,Construction & Materials,11781745537000.0,556737.2857,781365.4286,607110.9325,0.143,0.2794,4705.31,21.89,6.32
2025,4,EIB,Banks,36323051836500.0,11544499.4762,7510677.1429,7838954.119,0.3792,0.1399,1785.99,10.92,1.45
2025,4,BVH,Insurance,39565803321200.0,585855.0952,703298.7778,637637.0476,1.463,0.096,2809.05,18.97,1.75
2025,4,REE,Utilities,33630356760000.0,769673.4762,693172.1746,841214.8095,0.4763,0.1101,4237.15,16.85,1.78
2025,4,VEA,Industrial Goods & Services,52184633600000.0,476941.4762,456090.0476,999756.7817,0.17,0.2857,5536.4,7.09,2.01
2025,4,SHS,Financial Services,11709457171200.0,12463144.619,10020648.8413,10992727.2897,2.1069,0.0946,1248.98,11.53,1.04
2025,4,VGC,Construction & Materials,21969150000000.0,1173106.0952,1219730.254,962972.5278,0.4354,0.1367,2464.0,19.89,2.66
2025,4,GEE,Industrial Goods & Services,21319500000000.0,1159491.4286,778790.0317,294015.0714,0.3335,0.2685,5285.69,13.22,3.33
2025,5,VRE,Real Estate,53740330396500.0,17881942.4762,12685791.1429,9274679.0595,0.103,0.1011,1844.2,12.82,1.25
2025,5,VPB,Banks,131306435596549.98,22901129.1905,19529193.7619,19118386.5,0.1076,0.1154,2030.14,8.15,0.9
2025,5,VCG,Construction & Materials,12750040655400.0,12355313.9048,9911939.1905,5423031.1865,0.3609,0.0736,1547.87,13.76,1.58
2025,5,PLX,Oil & Gas,43073076766500.0,1383379.5714,1450957.3492,1524968.6706,0.3502,0.0757,2274.38,14.91,1.66
2025,5,SAB,Food & Beverage,61691250093200.0,1999498.619,1260988.8254,916482.6706,0.0971,0.1717,3216.96,14.95,2.56
2025,5,BWE,Utilities,10754510691600.0,551028.619,290037.0635,286508.7103,0.256,0.1177,2761.43,17.71,2.11
2025,5,MBB,Banks,143708521119450.0,36018985.9048,23188399.3016,15769610.873,0.0901,0.226,4048.96,5.82,1.21
2025,5,OCB,Banks,25644207180800.0,3899830.5238,3304319.127,2809899.4841,0.3773,0.0941,1189.19,8.75,0.79
2025,5,HDB,Banks,74969052701400.0,11583292.7143,10401721.2063,8803980.9603,0.0539,0.2582,3985.02,5.38,1.28
2025,5,MSB,Banks,29120000000000.0,10950465.7143,8934316.1746,7338053.6111,0.2476,0.1554,2150.4,5.21,0.77
2025,5,BID,Banks,242588054232350.0,3557674.7143,3437705.4286,2540995.3611,0.1385,0.182,3643.08,9.48,1.61
2025,5,VHM,Real Estate,239872861033600.0,12276462.4286,9907635.5714,9556199.8175,0.3079,0.168,7765.92,7.52,1.17
2025,5,MCH,Food & Beverage,125565142857714.0,200286.6667,109954.5714,115205.8016,0.1178,0.4379,10639.59,11.22,8.07
2025,5,VEA,Industrial Goods & Services,51020604800000.0,918080.0952,648741.7619,1050110.0317,0.17,0.2566,5539.73,6.93,1.96
2025,5,EIB,Banks,35298555502650.0,10968428.0952,9811830.9206,7937728.4841,0.3792,0.1404,1785.99,10.61,1.41
2025,5,REE,Utilities,32264417900000.0,910197.381,847167.0159,844011.4722,0.4763,0.1142,4511.13,15.18,1.65
2025,5,GVR,Chemicals,94800000000000.0,4324290.9048,3751913.2063,3330913.1429,0.9634,0.0891,997.18,23.77,1.79
2025,5,GEX,Industrial Goods & Services,22774889514500.0,17768361.4762,12370943.6349,8943032.254,0.4496,0.1276,2051.57,12.92,1.59
2025,5,VGC,Construction & Materials,17620155000000.0,931650.4762,1035631.4127,966751.9087,0.4354,0.146,2719.57,14.45,2.05
2025,5,BCM,Real Estate,56925000000000.0,718766.6667,578623.4444,586740.1349,0.7167,0.1253,2345.16,23.45,2.85
2025,6,KBC,Real Estate,20188005161700.0,8042862.8095,7968416.127,5151390.8929,0.0712,0.0669,1628.88,16.15,1.04
2025,6,VRE,Real Estate,62488756275000.0,12852846.1429,14514043.8254,9669115.6667,0.103,0.1011,1844.2,14.91,1.45
2025,6,VPB,Banks,142413928637950.0,32340325.2381,25310869.7619,20665201.2421,0.1076,0.1154,2030.14,8.84,0.98
2025,6,SAB,Food & Beverage,62524915635000.0,1040683.1429,1362405.3016,902281.1786,0.0971,0.1717,3216.96,15.15,2.6
2025,6,VCG,Construction & Materials,13049337384400.0,12189987.9048,11177421.2857,6067831.0278,0.3609,0.0736,987.94,22.07,1.59
2025,6,PLX,Oil & Gas,43835432107500.0,1399399.2857,1462137.4921,1473098.6389,0.3502,0.0757,1534.91,22.48,1.68
2025,6,MBB,Banks,148590339246650.0,24950025.7619,27410390.3492,16493025.996,0.0901,0.226,4048.96,6.01,1.25
2025,6,HDB,Banks,75842817884400.0,10680630.9048,10828395.5873,9069048.3373,0.0539,0.2582,3985.02,5.45,1.29
2025,6,BWE,Utilities,11106396522000.0,349834.5714,344774.9206,271373.2976,0.256,0.1177,2761.43,18.29,2.18
2025,6,BID,Banks,252769029012000.0,4036458.6667,3547415.0,2756518.7143,0.1385,0.182,3643.08,9.88,1.68
2025,6,OCB,Banks,26137365011200.0,2490774.3333,3032986.0635,2880174.246,0.3773,0.0941,1189.19,8.91,0.81
2025,6,MSB,Banks,30030000000000.0,7747446.2857,9531918.3016,7617599.5238,0.2476,0.1554,2150.4,5.37,0.79
2025,6,VHM,Real Estate,318735171510400.0,8688068.1905,11246726.7937,9680903.5079,0.3079,0.168,7765.92,9.99,1.55
2025,6,VEA,Industrial Goods & Services,52098261600000.0,418514.0476,607379.4286,929108.0,0.17,0.2566,5418.83,7.24,1.91
2025,6,MCH,Food & Beverage,133685486836496.0,114999.1905,120564.7619,106552.3413,0.1178,0.4379,10639.59,11.95,8.59
2025,6,CTR,Construction & Materials,10306167697900.0,642914.4762,640940.7937,641894.7222,0.143,0.2926,4754.04,18.95,5.14
2025,6,EIB,Banks,42283757778900.0,11331990.619,11239822.1429,8190250.6825,0.3792,0.1404,1856.45,12.23,1.64
2025,6,REE,Utilities,33771660780000.0,737601.1905,819421.6667,780181.6865,0.4763,0.1142,4511.13,15.89,1.73
2025,6,GVR,Chemicals,114800000000000.0,4841828.0476,4381176.2222,3320648.2976,0.9634,0.0891,1174.45,24.44,2.11
2025,6,GEX,Industrial Goods & Services,31990042706600.0,13168245.1429,13583751.6825,8942703.1468,0.4496,0.1276,1953.53,18.15,2.23
2025,7,KBC,Real Estate,25191939803250.0,5817710.4286,8494233.0794,5173097.6548,0.0712,0.0669,1621.82,16.49,1.3
2025,7,VRE,Real Estate,56012648806500.0,5588497.1905,11948136.0317,9369916.2381,0.103,0.1011,1844.2,13.37,1.3
2025,7,VPB,Banks,146777586618500.0,23720773.2381,26271196.7619,20342535.3611,0.1076,0.1154,2030.14,9.11,1.01
2025,7,SAB,Food & Beverage,60280431484000.0,1113724.4286,1332801.381,845558.131,0.0971,0.1717,3216.96,14.61,2.5
2025,7,VCG,Construction & Materials,14254626808800.0,9977925.1905,11563526.2698,6448865.3214,0.3609,0.0736,914.78,24.1,1.74
2025,7,PLX,Oil & Gas,47329560753750.0,2177281.8095,1673884.8095,1467013.1786,0.3502,0.0757,1534.91,24.27,1.81
2025,7,HDB,Banks,76192323957600.0,9203649.4762,10522265.5873,9248718.869,0.0539,0.2582,3985.02,5.47,1.3
2025,7,MBB,Banks,157438634602200.0,20310164.381,27090840.2222,16780335.4444,0.0901,0.226,4048.96,6.37,1.33
2025,7,BWE,Utilities,10545578479800.0,101071.9524,332914.6349,232743.1587,0.256,0.1177,2761.43,17.36,2.07
2025,7,OCB,Banks,28849733078400.0,4697209.4762,3691948.6825,3058548.3452,0.3773,0.0941,1189.19,9.84,0.89
2025,7,BID,Banks,254875437587100.0,3304694.1429,3616452.4444,2863562.5317,0.1385,0.182,3643.08,9.96,1.69
2025,7,MSB,Banks,31200000000000.0,8539609.8095,9144281.9524,7883727.7421,0.2476,0.1554,2150.4,5.58,0.82
2025,7,VHM,Real Estate,315038500706800.0,5471120.8095,8866288.2063,9499999.2024,0.3079,0.168,7765.92,9.88,1.53
2025,7,MCH,Food & Beverage,134066111531604.0,105976.0476,139894.1587,93261.877,0.1178,0.4379,10639.59,11.98,8.62
2025,7,VEA,Industrial Goods & Services,52011889600000.0,391545.0,570644.7937,682054.6944,0.17,0.2566,5418.83,7.22,1.91
2025,7,CTR,Construction & Materials,11758868361200.0,698353.1905,693119.619,649621.0,0.143,0.2926,4754.04,21.62,5.86
2025,7,EIB,Banks,42563165869950.0,12490311.0,11551160.1111,8365492.3611,0.3792,0.1404,1856.45,12.31,1.65
2025,7,REE,Utilities,36886919265900.0,917163.9048,862586.6825,784627.1349,0.4763,0.1142,3922.44,17.36,1.89
2025,7,GEX,Industrial Goods & Services,33749720655200.0,10935106.1905,13946304.1746,8576441.2421,0.4496,0.1276,1953.53,19.14,2.35
2025,7,VGC,Construction & Materials,20153332500000.0,744005.8095,870358.8095,1005386.6825,0.4354,0.146,2719.57,16.53,2.34
